donor_local_name,ic_form_local_name,cohort_tag
H23.26.406,GDS_Extraumural_Certification_Lein-Zeng_UM1MH130981_UW_Neurosurgical_Controlled_DS-BHD,University of Washington
H23.03.305,GDS_Extraumural_Certification_Lein-Zeng_UM1MH130981_UW_Neurosurgical_Controlled_DS-BHD,University of Washington
H23.29.239,GDS_Extraumural_Certification_Lein-Zeng_UM1MH130981_Amsterdam_UMC_Neurosurgical_Controlled_HMB,Amsterdam UMC
H23.29.240,GDS_Extraumural_Certification_Lein-Zeng_UM1MH130981_Amsterdam_UMC_Neurosurgical_Controlled_HMB,Amsterdam UMC
H24.29.262,GDS_Extraumural_Certification_Lein-Zeng_UM1MH130981_Amsterdam_UMC_Neurosurgical_Controlled_HMB,Amsterdam UMC
H23.29.256,GDS_Extraumural_Certification_Lein-Zeng_UM1MH130981_Amsterdam_UMC_Neurosurgical_Controlled_HMB,Amsterdam UMC
H23.29.251,GDS_Extraumural_Certification_Lein-Zeng_UM1MH130981_Amsterdam_UMC_Neurosurgical_Controlled_HMB,Amsterdam UMC
H23.26.405,GDS_Extraumural_Certification_Lein-Zeng_UM1MH130981_UW_Neurosurgical_Controlled_DS-BHD,University of Washington
H24.26.406,GDS_Extraumural_Certification_Lein-Zeng_UM1MH130981_UW_Neurosurgical_Controlled_DS-BHD,University of Washington
H24.28.007,GDS_Extraumural_Certification_Lein-Zeng_UM1MH130981_U_of_Szeged_Neurosurgical_Open,University of Szeged
H24.26.405,GDS_Extraumural_Certification_Lein-Zeng_UM1MH130981_UW_Neurosurgical_Controlled_DS-BHD,University of Washington
H22.28.030,GDS_Extraumural_Certification_Lein-Zeng_UM1MH130981_U_of_Szeged_Neurosurgical_Open,University of Szeged
H23.03.304,GDS_Extraumural_Certification_Lein-Zeng_UM1MH130981_UW_Neurosurgical_Controlled_DS-BHD,University of Washington
H22.28.031,GDS_Extraumural_Certification_Lein-Zeng_UM1MH130981_U_of_Szeged_Neurosurgical_Open,University of Szeged
H22.28.032,GDS_Extraumural_Certification_Lein-Zeng_UM1MH130981_U_of_Szeged_Neurosurgical_Open,University of Szeged
H23.03.309,GDS_Extraumural_Certification_Lein-Zeng_UM1MH130981_UW_Neurosurgical_Controlled_DS-BHD,University of Washington
H23.28.018,GDS_Extraumural_Certification_Lein-Zeng_UM1MH130981_U_of_Szeged_Neurosurgical_Open,University of Szeged
H23.28.019,GDS_Extraumural_Certification_Lein-Zeng_UM1MH130981_U_of_Szeged_Neurosurgical_Open,University of Szeged
H23.03.308,GDS_Extraumural_Certification_Lein-Zeng_UM1MH130981_UW_Neurosurgical_Controlled_DS-BHD,University of Washington
H23.29.247,GDS_Extraumural_Certification_Lein-Zeng_UM1MH130981_Amsterdam_UMC_Neurosurgical_Controlled_HMB,Amsterdam UMC
H23.28.022,GDS_Extraumural_Certification_Lein-Zeng_UM1MH130981_U_of_Szeged_Neurosurgical_Open,University of Szeged
H23.28.025,GDS_Extraumural_Certification_Lein-Zeng_UM1MH130981_U_of_Szeged_Neurosurgical_Open,University of Szeged
H24.26.403,GDS_Extraumural_Certification_Lein-Zeng_UM1MH130981_UW_Neurosurgical_Controlled_DS-BHD,University of Washington
H23.28.021,GDS_Extraumural_Certification_Lein-Zeng_UM1MH130981_U_of_Szeged_Neurosurgical_Open,University of Szeged
H23.28.023,GDS_Extraumural_Certification_Lein-Zeng_UM1MH130981_U_of_Szeged_Neurosurgical_Open,University of Szeged
H23.28.024,GDS_Extraumural_Certification_Lein-Zeng_UM1MH130981_U_of_Szeged_Neurosurgical_Open,University of Szeged
H24.51.001,GDS_Extraumural_Certification_Lein-Zeng_UM1MH130981_SCH_Neurosurgical (Adolescent)_Controlled_DS-BHD,Seattle Children's Hospital
H24.26.402,GDS_Extraumural_Certification_Lein-Zeng_UM1MH130981_UW_Neurosurgical_Controlled_DS-BHD,University of Washington
H24.06.351,GDS_Extraumural_Certification_Lein-Zeng_UM1MH130981_SNI_Neurosurgical_Controlled_GRU,Swedish Neuroscience Institute
H23.03.307,GDS_Extraumural_Certification_Lein-Zeng_UM1MH130981_UW_Neurosurgical_Controlled_DS-BHD,University of Washington
H23.28.016,GDS_Extraumural_Certification_Lein-Zeng_UM1MH130981_U_of_Szeged_Neurosurgical_Open,University of Szeged
H23.28.015,GDS_Extraumural_Certification_Lein-Zeng_UM1MH130981_U_of_Szeged_Neurosurgical_Open,University of Szeged
H23.29.245,GDS_Extraumural_Certification_Lein-Zeng_UM1MH130981_Amsterdam_UMC_Neurosurgical_Controlled_HMB,Amsterdam UMC
H23.28.017,GDS_Extraumural_Certification_Lein-Zeng_UM1MH130981_U_of_Szeged_Neurosurgical_Open,University of Szeged
H23.29.246,GDS_Extraumural_Certification_Lein-Zeng_UM1MH130981_Amsterdam_UMC_Neurosurgical_Controlled_HMB,Amsterdam UMC
H23.03.303,GDS_Extraumural_Certification_Lein-Zeng_UM1MH130981_UW_Neurosurgical_Controlled_DS-BHD,University of Washington
H23.28.010,GDS_Extraumural_Certification_Lein-Zeng_UM1MH130981_U_of_Szeged_Neurosurgical_Open,University of Szeged
H23.28.011,GDS_Extraumural_Certification_Lein-Zeng_UM1MH130981_U_of_Szeged_Neurosurgical_Open,University of Szeged
H23.28.009,GDS_Extraumural_Certification_Lein-Zeng_UM1MH130981_U_of_Szeged_Neurosurgical_Open,University of Szeged
H23.26.404,GDS_Extraumural_Certification_Lein-Zeng_UM1MH130981_UW_Neurosurgical_Controlled_DS-BHD,University of Washington
H23.28.003,GDS_Extraumural_Certification_Lein-Zeng_UM1MH130981_U_of_Szeged_Neurosurgical_Open,University of Szeged
H23.06.351,GDS_Extraumural_Certification_Lein-Zeng_UM1MH130981_SNI_Neurosurgical_Controlled_GRU,Swedish Neuroscience Institute
H23.28.004,GDS_Extraumural_Certification_Lein-Zeng_UM1MH130981_U_of_Szeged_Neurosurgical_Open,University of Szeged
H22.28.029,GDS_Extraumural_Certification_Lein-Zeng_UM1MH130981_U_of_Szeged_Neurosurgical_Open,University of Szeged
H23.28.005,GDS_Extraumural_Certification_Lein-Zeng_UM1MH130981_U_of_Szeged_Neurosurgical_Open,University of Szeged
H22.03.310,GDS_Extraumural_Certification_Lein-Zeng_UM1MH130981_UW_Neurosurgical_Controlled_DS-BHD,University of Washington
H22.29.227,GDS_Extraumural_Certification_Lein-Zeng_UM1MH130981_Amsterdam_UMC_Neurosurgical_Controlled_HMB,Amsterdam UMC
H22.26.436,GDS_Extraumural_Certification_Lein-Zeng_UM1MH130981_UW_Neurosurgical_Controlled_DS-BHD,University of Washington
H22.28.024,GDS_Extraumural_Certification_Lein-Zeng_UM1MH130981_U_of_Szeged_Neurosurgical_Open,University of Szeged
H22.28.025,GDS_Extraumural_Certification_Lein-Zeng_UM1MH130981_U_of_Szeged_Neurosurgical_Open,University of Szeged
H22.29.226,GDS_Extraumural_Certification_Lein-Zeng_UM1MH130981_Amsterdam_UMC_Neurosurgical_Controlled_HMB,Amsterdam UMC
H22.26.433,GDS_Extraumural_Certification_Lein-Zeng_UM1MH130981_UW_Neurosurgical_Controlled_DS-BHD,University of Washington
H22.26.434,GDS_Extraumural_Certification_Lein-Zeng_UM1MH130981_UW_Neurosurgical_Controlled_DS-BHD,University of Washington
H22.26.435,GDS_Extraumural_Certification_Lein-Zeng_UM1MH130981_UW_Neurosurgical_Controlled_DS-BHD,University of Washington
H22.26.432,GDS_Extraumural_Certification_Lein-Zeng_UM1MH130981_UW_Neurosurgical_Controlled_DS-BHD,University of Washington
H22.28.035,GDS_Extraumural_Certification_Lein-Zeng_UM1MH130981_U_of_Szeged_Neurosurgical_Open,University of Szeged
H23.28.001,GDS_Extraumural_Certification_Lein-Zeng_UM1MH130981_U_of_Szeged_Neurosurgical_Open,University of Szeged
H22.28.034,GDS_Extraumural_Certification_Lein-Zeng_UM1MH130981_U_of_Szeged_Neurosurgical_Open,University of Szeged
H23.28.002,GDS_Extraumural_Certification_Lein-Zeng_UM1MH130981_U_of_Szeged_Neurosurgical_Open,University of Szeged
H22.28.033,GDS_Extraumural_Certification_Lein-Zeng_UM1MH130981_U_of_Szeged_Neurosurgical_Open,University of Szeged
H23.29.253,GDS_Extraumural_Certification_Lein-Zeng_UM1MH130981_Amsterdam_UMC_Neurosurgical_Controlled_HMB,Amsterdam UMC
H24.26.401,GDS_Extraumural_Certification_Lein-Zeng_UM1MH130981_UW_Neurosurgical_Controlled_DS-BHD,University of Washington
H24.28.008,GDS_Extraumural_Certification_Lein-Zeng_UM1MH130981_U_of_Szeged_Neurosurgical_Open,University of Szeged
H24.29.267,GDS_Extraumural_Certification_Lein-Zeng_UM1MH130981_Amsterdam_UMC_Neurosurgical_Controlled_HMB,Amsterdam UMC
H24.29.263,GDS_Extraumural_Certification_Lein-Zeng_UM1MH130981_Amsterdam_UMC_Neurosurgical_Controlled_HMB,Amsterdam UMC
H24.06.352,GDS_Extraumural_Certification_Lein-Zeng_UM1MH130981_SNI_Neurosurgical_Controlled_GRU,Swedish Neuroscience Institute
H23.28.027,GDS_Extraumural_Certification_Lein-Zeng_UM1MH130981_U_of_Szeged_Neurosurgical_Open,University of Szeged
H24.29.265,GDS_Extraumural_Certification_Lein-Zeng_UM1MH130981_Amsterdam_UMC_Neurosurgical_Controlled_HMB,Amsterdam UMC
H24.29.260,GDS_Extraumural_Certification_Lein-Zeng_UM1MH130981_Amsterdam_UMC_Neurosurgical_Controlled_HMB,Amsterdam UMC
H24.29.261,GDS_Extraumural_Certification_Lein-Zeng_UM1MH130981_Amsterdam_UMC_Neurosurgical_Controlled_HMB,Amsterdam UMC
H24.29.259,GDS_Extraumural_Certification_Lein-Zeng_UM1MH130981_Amsterdam_UMC_Neurosurgical_Controlled_HMB,Amsterdam UMC
H24.29.258,GDS_Extraumural_Certification_Lein-Zeng_UM1MH130981_Amsterdam_UMC_Neurosurgical_Controlled_HMB,Amsterdam UMC
H23.28.020,GDS_Extraumural_Certification_Lein-Zeng_UM1MH130981_U_of_Szeged_Neurosurgical_Open,University of Szeged
H23.03.302,GDS_Extraumural_Certification_Lein-Zeng_UM1MH130981_UW_Neurosurgical_Controlled_DS-BHD,University of Washington
H23.03.310,GDS_Extraumural_Certification_Lein-Zeng_UM1MH130981_UW_Neurosurgical_Controlled_DS-BHD,University of Washington
H24.03.302,GDS_Extraumural_Certification_Lein-Zeng_UM1MH130981_UW_Neurosurgical_Controlled_DS-BHD,University of Washington
H22.28.026,GDS_Extraumural_Certification_Lein-Zeng_UM1MH130981_U_of_Szeged_Neurosurgical_Open,University of Szeged
H22.28.027,GDS_Extraumural_Certification_Lein-Zeng_UM1MH130981_U_of_Szeged_Neurosurgical_Open,University of Szeged
H22.28.028,GDS_Extraumural_Certification_Lein-Zeng_UM1MH130981_U_of_Szeged_Neurosurgical_Open,University of Szeged
H22.03.311,GDS_Extraumural_Certification_Lein-Zeng_UM1MH130981_UW_Neurosurgical_Controlled_DS-BHD,University of Washington
H23.28.013,GDS_Extraumural_Certification_Lein-Zeng_UM1MH130981_U_of_Szeged_Neurosurgical_Open,University of Szeged
H23.28.012,GDS_Extraumural_Certification_Lein-Zeng_UM1MH130981_U_of_Szeged_Neurosurgical_Open,University of Szeged
H23.03.306,GDS_Extraumural_Certification_Lein-Zeng_UM1MH130981_UW_Neurosurgical_Controlled_DS-BHD,University of Washington
H24.29.268,GDS_Extraumural_Certification_Lein-Zeng_UM1MH130981_Amsterdam_UMC_Neurosurgical_Controlled_HMB,Amsterdam UMC
H24.29.270,GDS_Extraumural_Certification_Lein-Zeng_UM1MH130981_Amsterdam_UMC_Neurosurgical_Controlled_HMB,Amsterdam UMC
H22.03.308,GDS_Extraumural_Certification_Lein-Zeng_UM1MH130981_UW_Neurosurgical_Controlled_DS-BHD,University of Washington
H22.29.228,GDS_Extraumural_Certification_Lein-Zeng_UM1MH130981_Amsterdam_UMC_Neurosurgical_Controlled_HMB,Amsterdam UMC
H22.06.356,GDS_Extraumural_Certification_Lein-Zeng_UM1MH130981_SNI_Neurosurgical_Controlled_GRU,Swedish Neuroscience Institute
H22.29.230,GDS_Extraumural_Certification_Lein-Zeng_UM1MH130981_Amsterdam_UMC_Neurosurgical_Controlled_HMB,Amsterdam UMC
H22.29.229,GDS_Extraumural_Certification_Lein-Zeng_UM1MH130981_Amsterdam_UMC_Neurosurgical_Controlled_HMB,Amsterdam UMC
H24.29.47850,GDS_Extraumural_Certification_Lein-Zeng_UM1MH130981_Amsterdam_UMC_Neurosurgical_Controlled_HMB,Amsterdam UMC
H24.03.001,GDS_Extraumural_Certification_Lein-Zeng_UM1MH130981_UW_Neurosurgical_Controlled_DS-BHD,University of Washington
H23.29.254,GDS_Extraumural_Certification_Lein-Zeng_UM1MH130981_Amsterdam_UMC_Neurosurgical_Controlled_HMB,Amsterdam UMC
H23.28.006,GDS_Extraumural_Certification_Lein-Zeng_UM1MH130981_U_of_Szeged_Neurosurgical_Open,University of Szeged
H23.29.242,GDS_Extraumural_Certification_Lein-Zeng_UM1MH130981_Amsterdam_UMC_Neurosurgical_Controlled_HMB,Amsterdam UMC
H23.28.008,GDS_Extraumural_Certification_Lein-Zeng_UM1MH130981_U_of_Szeged_Neurosurgical_Open,University of Szeged
H23.28.007,GDS_Extraumural_Certification_Lein-Zeng_UM1MH130981_U_of_Szeged_Neurosurgical_Open,University of Szeged
H23.29.241,GDS_Extraumural_Certification_Lein-Zeng_UM1MH130981_Amsterdam_UMC_Neurosurgical_Controlled_HMB,Amsterdam UMC
H23.29.243,GDS_Extraumural_Certification_Lein-Zeng_UM1MH130981_Amsterdam_UMC_Neurosurgical_Controlled_HMB,Amsterdam UMC
H24.28.006,GDS_Extraumural_Certification_Lein-Zeng_UM1MH130981_U_of_Szeged_Neurosurgical_Open,University of Szeged
H24.28.005,GDS_Extraumural_Certification_Lein-Zeng_UM1MH130981_U_of_Szeged_Neurosurgical_Open,University of Szeged
H23.29.244,GDS_Extraumural_Certification_Lein-Zeng_UM1MH130981_Amsterdam_UMC_Neurosurgical_Controlled_HMB,Amsterdam UMC
H23.28.014,GDS_Extraumural_Certification_Lein-Zeng_UM1MH130981_U_of_Szeged_Neurosurgical_Open,University of Szeged
H23.29.235,GDS_Extraumural_Certification_Lein-Zeng_UM1MH130981_Amsterdam_UMC_Neurosurgical_Controlled_HMB,Amsterdam UMC
H22.29.233,GDS_Extraumural_Certification_Lein-Zeng_UM1MH130981_Amsterdam_UMC_Neurosurgical_Controlled_HMB,Amsterdam UMC
H23.29.233,GDS_Extraumural_Certification_Lein-Zeng_UM1MH130981_Amsterdam_UMC_Neurosurgical_Controlled_HMB,Amsterdam UMC
H23.29.238,GDS_Extraumural_Certification_Lein-Zeng_UM1MH130981_Amsterdam_UMC_Neurosurgical_Controlled_HMB,Amsterdam UMC
H22.29.232,GDS_Extraumural_Certification_Lein-Zeng_UM1MH130981_Amsterdam_UMC_Neurosurgical_Controlled_HMB,Amsterdam UMC
H22.26.431,GDS_Extraumural_Certification_Lein-Zeng_UM1MH130981_UW_Neurosurgical_Controlled_DS-BHD,University of Washington