BICAN Field Name,BICAN UUID,Description,NIMP Variable Name,NHash ID,Aliases,LinkML Class,LinkML Slot Name,Data Type,Permissible Values,Statistical Variable Type,Nullable,Min Value,Max Value,Unit,Subsets,NIMP Resource Subgroup,NIMP Display Name
Name of metadata field,UUID of field in BICAN Ecosystem,A detailed definition for this field ,Name of variable at NIMP,NHash ID for this field,Aliases for this metadata element in other schemas/resources,The LINKML class or data entity (e.g. purple or orange box in the workflow diagram) with which this metadata field is associated ,Slot name for this field in LinkML,Type of values in this field (integer; float; text; date),For fields that have values from a limited set; see Controlled Values table for entries,['categorical'; 'continuous'; 'ordinal'; 'boolean'],Are null values allowed,For measurements if applicable,For measurements if applicable,For measurements if applicable,Data use subset for this field,Resource subgroup at NIMP,Display name at NIMP
dissociated cell sample NHash ID,9b18ee42-7e93-44f1-a1d3-f811eb3b777b,NIMP generated globally unique identifier for a Dissociated Cell Sample,dissociated_cell_sample_nhash_id,PD-IDIDXT26,,Dissociated Cell Sample,,text,,categorical variable,FALSE,,,,,Identification,Dissociated Cell Sample NHash ID
dissociated cell sample cell label barcode,0c8628d0-809b-458c-b4b3-686131dceef8,Name of oligo used in cell plexing. The oligo will tag allow separate dissociated cell samples to be combined downstream in the barcoded cell sample. The oligo name is associated with a sequence in a lookup table. This sequence will be needed to during analysis (after alignment) to associate reads with parent dissociated cell sample.,dissociated_cell_sample_cell_label_barcode,PD-CFCFPS27,dissociated cell source barcode name,Dissociated Cell Sample,,categorical,Yes,categorical variable,TRUE,,,,analysis,Preparation,Dissociated Cell Sample Cell Label Barcode
dissociated cell sample cell prep type,baae4ac3-f959-4594-b943-3a82ec19bd34,The type of cell preparation. For example: Cells; Nuclei. This is a property of dissociated_cell_sample.,dissociated_cell_sample_cell_prep_type,PD-RELLGO26,cell prep type,Dissociated Cell Sample,cell prep type,categorical,Yes,categorical variable,TRUE,,,,analysis; tracking,Preparation,Cell Prep Type
project identifier,9a55368b-3b12-47f3-a3cb-ee282c6d73ce,NIMP database id of the project the dissociated cell sample is associated with,project_identifier,PD-GXSGXI56,,Dissociated Cell Sample,,integer,,categorical variable,FALSE,,,,,Ownership,The Database ID of the Project the Dissociated Cell Sample is for
tissue NHash IDs,8b10c5a7-a1c8-488f-9a7c-a80fd801db3c,NIMP generated globally unique identifier for upstream tissues,tissue_nhash_ids,PD-YYTNDZ58,,Dissociated Cell Sample,,text,,categorical variable,FALSE,,,,,Reference,Upstream Tissue NHash IDs
patched cell structure,7636b4c8-12f6-4b33-bdc6-c2f1a3b1c953,Ontological structure assigned to a single patched cell.  This is typically assigned and confirmed after imaging.,patched_cell_structure,PD-RCRCEV39,,Dissociated Cell Sample,,categorical,Yes,categorical variable,TRUE,,,,,Reference,Patched Cell Structure
dissociated cell sample project,80976c95-c329-496e-8c5b-f9d48b6cf189,Dissociated Cell Sample Project,dissociated_cell_sample_project,PD-BIBIQB42,,Dissociated Cell Sample,,categorical,Yes,categorical variable,FALSE,,,,,Ownership,Dissociated Cell Sample Project
dissociated cell sample lab,b94f6f31-8ac0-40b5-861f-86c3112bf1b8,Dissociated Cell Sample Lab,dissociated_cell_sample_lab,PD-BGBGRC24,,Dissociated Cell Sample,,categorical,Yes,categorical variable,FALSE,,,,,Ownership,Dissociated Cell Sample Lab
enriched cell sample NHash ID,ba153086-53ce-48e5-a2ed-e355a0ff0cc3,NIMP generated globally unique identifier for an Enriched Cell Sample,enriched_cell_sample_nhash_id,PD-ETSJUU27,,Enriched Cell Sample,,text,,categorical variable,FALSE,,,,,Identification,Enriched Cell Sample NHash ID
enriched cell sample cell label barcode,bdd5e2bf-c6fa-43e6-a5ac-6878fcf814d6,Name of molecular barcode used to individual Enriched Cell Source to allow for pooling of Enriched Cell Sources before 10x load (Barcoding Cell step) [aka 1st round barcodes],enriched_cell_sample_cell_label_barcode,PD-CTCTTK28,enriched cell source barcode name,Enriched Cell Sample,,categorical,Yes,categorical variable,TRUE,,,,alignment,Preparation,Enriched Cell Sample Cell Label Barcode
project identifier,9a55368b-3b12-47f3-a3cb-ee282c6d73ce,NIMP database id for the project his Enriched Cell Sample is associated with,project_identifier,PD-GXLIXI56,,Enriched Cell Sample,,integer,,categorical variable,FALSE,,,,,Ownership,The Database ID of the Project This Enriched Cell Sample is for
enrichment population,875f1c70-f5aa-45e3-94b9-5e482f6c4830,Actual percentage of cells as a result of using set of fluorescent marker label(s) to enrich dissociated_cell_sample with desired mix of cell populations. This plan can also be used to describe 'No FACS' where no enrichment was performed. This is a property of enriched_cell_prep_container.,enrichment_population,PD-TZTZPI37,,Enriched Cell Sample,population,text,,categorical variable,TRUE,,,,analysis,Enrichment Details,Enrichment Population
histone modification marker,a2ef2228-e438-4260-95e5-22eb3b35b5a9,Histone modification marker antibodies (eg H3K27ac; H3K27me3; H3K9me3) used in conjunction with an Enriched Cell Source Barcode in order to combine multiple Enriched Cell Populations before Barcoded Cell Sample step for 10xMultiome method. Each of the Histone antibodies captures an essential part of the epigenome.,histone_modification_marker,PD-ESESLW44,,Enriched Cell Sample,,text,,categorical variable,TRUE,,,,,Enrichment Details,Histone Modification Marker
enriched cell sample project,f59d224e-7732-4409-afb9-a9f502d0173b,Enriched Cell Sample Project,enriched_cell_sample_project,PD-GIGICT43,,Enriched Cell Sample,,categorical,Yes,categorical variable,FALSE,,,,,Ownership,Enriched Cell Sample Project
enriched cell sample lab,210cc89d-3b30-4d24-b870-3fa35fe64c2b,Enriched Cell Sample Lab,enriched_cell_sample_lab,PD-BGBGDF25,,Enriched Cell Sample,,categorical,Yes,categorical variable,FALSE,,,,,Ownership,Enriched Cell Sample Lab
barcoded cell sample NHash ID,b421ecfe-488e-4e87-bf4c-6d30aa5b06bb,NIMP generated globally unique identifier for a Barcoded Cell Sample,barcoded_cell_sample_nhash_id,PD-BWBZRC24,,Barcoded Cell Sample,,text,,categorical variable,FALSE,,,,,Identification,Barcoded Cell Sample NHash ID
barcoded cell sample number of expected cells,f10e928d-5a2b-4943-af18-d8fe5d05528d,"Expected number of cells/nuclei of a barcoded_cell_sample that will be barcoded and available for sequencing. This is a derived number from 'Barcoded cell input quantity count' that is dependent on the ""capture rate"" of the barcoding method. It is usually a calculated fraction of the 'Barcoded cell input quantity count' going into the barcoding method.",barcoded_cell_sample_number_of_expected_cells,PD-ONONEV39,,Barcoded Cell Sample,expected cell capture,integer,,continuous variable,TRUE,0,,,analysis,Preparation,Barcoded Cell Sample Number of Expected Cells
project identifier,9a55368b-3b12-47f3-a3cb-ee282c6d73ce,NIMP database id for the project this Barcoded Cell Sample belongs to,project_identifier,PD-GXHIXI56,,Barcoded Cell Sample,,integer,,categorical variable,FALSE,,,,,Ownership,The Database ID of the Project This Barcoded Cell Sample is for
barcoded cell sample port well,aca38100-d245-4be4-9be3-ba27192779fe,Specific position of the loaded port of the 10x chip. An Enriched or Dissociated Cell Sample is loaded into a port on a chip (creating a Barcoded Cell Sample). Can be left null for non-10x methods.,barcoded_cell_sample_port_well,PD-KJKJZK32,10x chip port well,Barcoded Cell Sample,port well,text,,categorical variable,TRUE,,,,analysis,Preparation,Barcoded Cell Sample Port Well
barcoded cell input quantity count,aa534269-7c9b-4b63-b990-eea8cda56d0e,Number of enriched or dissociated cells/nuclei going into the barcoding process.,barcoded_cell_input_quantity_count,PD-ZZZZWQ40,,Barcoded Cell Sample,input quantity,integer,,continuous variable,TRUE,0,,,analysis,Preparation,Barcoded Cell Input Quantity Count
barcoded cell sample technique,b2366423-b883-4b33-b036-a1e4707c32bd,Required standardized nomenclature to describe the general method used to barcode individual cells. This method (eg Multiome; ATAConly; GEXonly) will be more general than the Library Method (which is specific for alignment) and could be used for general classification of Barcoded Cell Samples.,barcoded_cell_sample_technique,PD-TDTDDF25,,Barcoded Cell Sample,,categorical,Yes,categorical variable,FALSE,,,,,Preparation,Barcoded Cell Sample Technique
barcoded cell sample tag local name,8877f8f0-3939-4062-84c9-414bdcdd04ca,Barcoded Cell Sample tags can be used to group a set of barcoded cell samples so that the tag can be used to obtain all the members of the cohort,barcoded_cell_sample_tag_local_name,PD-FOFEUU27,,Barcoded Cell Sample,study set,text,,categorical variable,TRUE,,,,analysis; tracking,Identification,Barcoded Cell Sample Tag
barcoded cell sample project,b5f4485b-3700-460d-8455-016127783ccb,Barcoded Cell Sample Project,barcoded_cell_sample_project,PD-DZDZWQ40,,Barcoded Cell Sample,,categorical,Yes,categorical variable,FALSE,,,,,Ownership,Barcoded Cell Sample Project
barcoded cell sample lab,f73165f0-8540-4ed0-91fd-ff2ce946ebcb,Barcoded Cell Sample Lab,barcoded_cell_sample_lab,PD-WNWNYW22,,Barcoded Cell Sample,,categorical,Yes,categorical variable,FALSE,,,,,Ownership,Barcoded Cell Sample Lab
bcs alignment job ID,12ef6c0b-7db5-451f-8e84-a9fcd8086a2e,Barcoded Cell Sample Alignment QC Job ID,bcs_alignment_job_id,PD-LKCLRC24,,Barcoded Cell Sample,,text,,categorical variable,TRUE,,,,,Sequencing Outcome,Barcoded Cell Sample Alignment QC Job ID
barcoded cell sample alignment QC status,a0f07acd-df7c-4dce-9bdf-313ce84b4ead,Barcoded Cell Sample alignment QC status,barcoded_cell_sample_alignment_qc_status,PD-BQFOEV39,,Barcoded Cell Sample,,categorical,Yes,categorical variable,TRUE,,,,,Sequencing Outcome,BCS Alignment QC Status
amplified cdna NHash ID,01046de6-448d-4f50-a794-0a5ffb2bcf97,NIMP generated globally unique identifier for Amplified cDNA,amplified_cdna_nhash_id,PD-RAIFQQ23,,Amplified cDNA,,text,,categorical variable,FALSE,,,,,Identification,Amplified CDNA NHash ID
project identifier,9a55368b-3b12-47f3-a3cb-ee282c6d73ce,NIMP database id for the project this amplified cDNA belongs to,project_identifier,PD-GXWIXI56,,Amplified cDNA,,integer,,categorical variable,FALSE,,,,,Ownership,The Database ID of the Project This Amplified cDNA is for
amplified cDNA amplified quantity ng,0db79d05-8612-4896-b9d3-eb1558841449,Amount of cDNA produced after cDNA amplification measured in nanograms,amplified_cdna_amplified_quantity_ng,PD-TITIIC26,amplified quantity ng,Amplified cDNA,amplified quantity ng,float,,continuous variable,TRUE,0,,,analysis,Preparation,Amplified cDNA Amplified Quantity Ng
amplified cDNA PCR cycles,3827634c-3f8f-4760-b358-86ce4b030238,Number of PCR cycles used during cDNA amplification for this cDNA.,amplified_cdna_pcr_cycles,PD-OKOKQD38,cDNA amplification cycles,Amplified cDNA,PCR cycles,integer,,continuous variable,TRUE,0,,,analysis,Preparation,Amplified cDNA PCR Cycles
amplified cDNA RNA amplification pass-fail,bc62bdb2-7dc8-4404-bb84-ce0bbcae59e5,Pass or Fail result based on qualitative assessment of cDNA yield and size.,amplified_cdna_rna_amplification_pass_fail,PD-XXXXFQ31,cDNA amplification pass-fail result,Amplified cDNA,pass fail result,categorical,Yes,categorical variable,TRUE,,,,analysis,Preparation,Amplified cDNA RNA Amplification Pass-Fail
amplified cDNA percent cDNA longer than 400bp,8d150467-f69e-461c-b54c-bcfd22f581e5,QC metric to measure mRNA degradation of cDNA. Higher % is higher quality starting material. Over 400bp is used as a universal cutoff for intact (full length) vs degraded cDNA and is a common output from Bioanalyzer and Fragment Analyzer elecropheragrams.,amplified_cdna_percent_cdna_longer_than_400bp,PD-JJJJWD35,cDNA amplification percent cDNA greater than 400bp,Amplified cDNA,percent cDNA longer than 400bp,float,,continuous variable,TRUE,0,,,analysis,Preparation,Amplified cDNA Percent CDNA Longer Than 400bp
amplified cdna project,20f516dc-ed4f-494e-9959-d01f286171fc,Amplified cDNA Project,amplified_cdna_project,PD-GNGNEV39,,Amplified cDNA,,categorical,Yes,categorical variable,FALSE,,,,,Ownership,Amplified cDNA Project
amplified cdna lab,88b13d5b-3b06-4294-9b83-b4b615c6085e,Amplified cDNA Lab,amplified_cdna_lab,PD-ADADGX21,,Amplified cDNA,,categorical,Yes,categorical variable,FALSE,,,,,Ownership,Amplified cDNA Lab
library NHash ID,f9466382-60f1-45ab-a107-c247531ff3dd,NIMP generated globally unique identifier for a Library,library_nhash_id,PD-LAGVFB34,,Library,,text,,categorical variable,FALSE,,,,,Identification,Library NHash ID
library technique,7b60d59e-fdd7-4b27-a2d4-cae9b69103a6,Standardized nomenclature to describe the library method used. This specifies the alignment method required for the library. For example 10xV3.1 (for RNASeq single assay); 10xMult-GEX (for RNASeq multiome assay); 10xMult-ATAC (for ATACSeq multiome assay).,library_technique,PD-AJAJCN35,library method; library chemistry method,Library,method,categorical,Yes,categorical variable,FALSE,,,,analysis; tracking; alignment,Preparation,Library Technique
library r1/r2 index,c94b5d8a-e92d-47af-8c0e-ea3b58be4d06,Name of the pair of library indexes used for sequencing. Indexes allow libraries to be pooled together for sequencing. Sequencing output (fastq) are demultiplexed by using the indexes for each library. The name will be associated with the sequences of i7; i5; and i5as that are needed by SeqCores for demultiplexing. The required direction of the sequence (sense or antisense) of the index can differ depending on sequencing instruments.,library_r1_r2_index,PD-VLLMWZ60,R1/R2 index name,Library,r1 r2 index,categorical,Yes,categorical variable,TRUE,,,,analysis; tracking,Preparation,R1/R2 Index
library source type,5ce18f3d-0e4a-4843-aac6-2b8d3af51c87,The upstream resource type for library creation. Could be either Barcoded Cell Samples or Amplified cDNA,library_source_type,PD-RKRKCN35,,Library,,categorical,Yes,categorical variable,TRUE,,,,,Reference,Library Source Type
project identifier,9a55368b-3b12-47f3-a3cb-ee282c6d73ce,NIMP database id for the project this Library is associated with,project_identifier,PD-GXVSXI56,,Library,,integer,,categorical variable,FALSE,,,,,Ownership,The Database ID of the Project This Library is for
library avg size bp,f851eba9-56d1-4472-9d0c-d7f8bc33000a,Average size of the library in terms of base pairs. This is used to calculate the molarity before pooling and sequencing.,library_avg_size_bp,PD-VJVJLC46,,Library,avg size bp,integer,,continuous variable,TRUE,0,,,analysis,Metrics,Library Avg Size Bp
library concentration nm,90805b3f-f380-4f23-b159-e7eaa0c8f052,Concentration of library in terms of nM (nMol/L). Number of molecules is needed for accurate pooling of the libraries and for generating the number of target reads/cell in sequencing.,library_concentration_nm,PD-DCDCLD43,,Library,concentration nm,float,,continuous variable,TRUE,0,,,,Metrics,Library Concentration Nm
library input ng,e4d31d97-722d-4771-a0e4-e6062190f2c1,Amount of cDNA going into library construction in nanograms.,library_input_ng,PD-AFAFXP37,,Library,input quantity ng,float,,continuous variable,TRUE,0,,,analysis,Metrics,Library Input Ng
library prep pass-fail,6817ede2-7ead-402d-9dbc-131aca627c6c,Pass or Fail result based on qualitative assessment of library yield and size.,library_prep_pass_fail,PD-QHQHQB42,library prep pass-fail result,Library,pass fail result,categorical,Yes,categorical variable,TRUE,,,,analysis,Metrics,Library Prep Pass-Fail
library quantification fmol,4c09ada7-c116-48bc-8fb1-0dcf5c4b939a,Amount of library generated in terms of femtomoles,library_quantification_fmol,PD-JYJYDK42,,Library,quantity fmol,float,,continuous variable,TRUE,0,,,analysis,Metrics,Library Quantification FMOL
library quantification ng,318b2d3a-dae7-4c63-bfbb-93862b92f63e,Amount of library generated in terms of nanograms,library_quantification_ng,PD-TNTNXP37,,Library,quantity ng,float,,continuous variable,TRUE,0,,,,Metrics,Library Quantification NG
library project,eb67d39c-2e42-4123-9ac5-71cb08791de4,Library Project,library_project,PD-PMPMPG50,,Library,,categorical,Yes,categorical variable,FALSE,,,,,Ownership,Library Project
library lab,b328bb86-d5de-421e-8b33-fa07fdd30f68,Library Lab,library_lab,PD-HXHXRI32,,Library,,categorical,Yes,categorical variable,FALSE,,,,,Ownership,Library Lab
library aliquot local name,34191bad-d167-4335-8224-ade897d3728e,One library in the library pool. Each Library_aliquot_name in a library pool will have a unique R1/R2 index to allow for sequencing together then separating the sequencing output by originating library aliquot through the process of demultiplexing. The resulting demultiplexed fastq files will include the library_aliquot_name.,library_aliquot_local_name,PD-XCXCCC35,library aliquot label,Library Aliquot,name,text,,categorical variable,FALSE,,,,analysis; tracking; alignment,Identification,Library Aliquot Local Name
library aliquot NHash ID,3db64dfd-6576-41de-8235-243691238fb2,NIMP generated globally unique identifier for a Library Aliquot. This NHash id is a concatenation of the NHash ids of the corresponding Library and the Library Pool.,library_aliquot_nhash_id,PD-BVBVFB34,,Library Aliquot,,text,,categorical variable,FALSE,,,,,Identification,Library Aliquot NHash ID
sequencing result date,529393f3-ca97-4726-8a22-b1b2284ab30e,The date of sequencing results for the Library Aliquot as reported by the Sequencing Center,sequencing_result_date,PD-GKGKJU42,,Library Aliquot,,date,,ordinal variable,TRUE,,,,,Sequencing Outcome,Sequencing Result Date
library aliquot sequencing result status,7d6a2e23-efed-4918-98a8-7b9beca99636,The status of the sequencing results for the Library Aliquot as reported by the Sequencing Center,library_aliquot_sequencing_result_status,PD-QPQPLO49,,Library Aliquot,,categorical,Yes,categorical variable,TRUE,,,,,Sequencing Outcome,Library Aliquot Sequencing Result Status
fastq file alignment status,834a0e66-fd81-4d9c-b379-146372c3a629,The FASTQ file alignment status as reported by the Library Lab,fastq_file_alignment_status,PD-KRKRCT43,,Library Aliquot,fastq file alignment status,categorical,Yes,categorical variable,TRUE,,,,alignment,Sequencing Outcome,FASTQ File Alignment Status
library aliquot fastq file size in TB,9ad18a13-465d-44c6-9274-4a2e007150be,Library Aliquot FASTQ File Size in TB,library_aliquot_fastq_file_size_in_tb,PD-OHOHXO32,,Library Aliquot,,integer,,continuous variable,TRUE,,,,,Sequencing Outcome,Library Aliquot FASTQ File Size in TB
library aliquot project,c972ebc0-bb1f-4124-b69c-8db7b28ef8b7,Library Aliquot Project,library_aliquot_project,PD-JGJGPG50,,Library Aliquot,,categorical,Yes,categorical variable,FALSE,,,,,Ownership,Library Aliquot Project
library aliquot lab,1c4ca594-b465-4bc9-be3b-2da4f2fce4ea,Library Aliquot Lab,library_aliquot_lab,PD-GHGHRI32,,Library Aliquot,,categorical,Yes,categorical variable,FALSE,,,,,Ownership,Library Aliquot Lab
alignment QC status,83dcf584-00c8-48a2-8bda-c360100e7cb3,Library Aliquot Alignment QC Status,alignment_qc_status,PD-RPKJLO49,,Library Aliquot,,categorical,Yes,categorical variable,TRUE,,,,,Sequencing Outcome,Alignment QC Status
NeMO aliquot fastq public URL,4c24ea68-c861-4329-9fbd-179de9c63444,NeMO Aliquot Fastq Public URL,nemo_aliquot_fastq_public_url,PD-DADALW44,,Library Aliquot,,text,,categorical variable,TRUE,,,,,Sequencing Outcome,NeMO Aliquot Fastq Public URL
NeMO aliquot fastq gcp URL,7e4711cd-641c-4d8b-9431-8c00c3c56fc5,NeMO Aliquot Fastq GCP URL,nemo_aliquot_fastq_gcp_url,PD-FWFWLW44,,Library Aliquot,,text,,categorical variable,TRUE,,,,,Sequencing Outcome,NeMO Aliquot Fastq GCP URL
aliquot alignment job ID,7ab5aa8f-297a-4471-9ddd-291a3bbbce0c,Library Aliquot Alignment QC Job ID,aliquot_alignment_job_id,PD-MVIZFB34,,Library Aliquot,,text,,categorical variable,TRUE,,,,,Sequencing Outcome,Library Aliquot Alignment QC Job ID
library aliquot QC last updated date,61a19053-9b68-43b5-ab8c-3d620f3233b7,Library Aliquot QC last updated date,library_aliquot_qc_last_updated,PD-URJANM35,,Library Aliquot,,date,,ordinal variable,TRUE,,,,,Sequencing Outcome,Library Aliquot QC Last Updated Date
aliquot alignment QC uploaded date,c0509f07-e68a-49cf-90a4-19be987302ff,Library Aliquot alignment QC uploaded date,aliquot_alignment_qc_uploaded,PD-CBCBBY24,,Library Aliquot,,date,,ordinal variable,TRUE,,,,,Sequencing Outcome,Aliquot Alignment QC Uploaded Date
aliquot QC total reads,33a3e1e3-9fc1-45bd-95ee-6649d64dbfbe,Library Aliquot QC total reads,aliquot_qc_total_reads,PD-QXXAKR49,,Library Aliquot,,integer,,continuous variable,TRUE,,,,,Sequencing Outcome,Library Aliquot QC Total Reads
library pool NHash ID,9dfdce26-643a-4e1d-8d47-8f418628c893,NIMP generated globally unique identifier for a Library Pool,library_pool_nhash_id,PD-LAQLFB34,,Library Pool,,text,,categorical variable,FALSE,,,,,Identification,Library Pool NHash ID
library pool tube barcode,da02a0ee-9abf-45ef-abb1-981f1aaba6b2,Library Pool tube name as provided by the SeqCore (often a barcode). This tube is provided from the SeqCore and is part of the SeqCore tracking system.,library_pool_tube_barcode,PD-KNKNCC35,SeqCore library pool tube barcode,Library Pool,barcode,text,,categorical variable,TRUE,,,,analysis; tracking,Preparation,Library Pool Tube Barcode
flowcell,4c8d7ac8-d3e3-4177-a93d-18ec2302c392,The Flowcell is a unique identifer of the sequencing cartridge (provided by the sequencing instrument manufacturer) used and consumed when sequencing Library Pools on an Illumina sequencing instrument.  A flowcell can be different sizes with different number of lanes.  The flowcell size determines the number of total reads it will produce.  Typically one Flowcell is used to run one Library Pool across all lanes.  Multiple pools can be run on a single flowcell as long as the pools are partitioned onto separate lanes of the flowcell.  Each lane from a flowcell will produce fastq files for all Library Aliquots within the Library Pool applied to a given lane.,flowcell,PD-MOMODO36,,Library Pool,,text,,categorical variable,TRUE,,,,,Sequencing Outcome,Flowcell
library pool alignment status,1b163e8d-fb02-4f95-be76-f72f8fae0a04,Whether the Library Pool is approved for alignment or not,library_pool_alignment_status,PD-QRQRLO49,,Library Pool,,categorical,Yes,categorical variable,TRUE,,,,,Sequencing Outcome,Library Pool Alignment Status
library pool sequencing instrument,26b2d0c6-6e01-4238-8992-e138a8d9970c,Library Pool Sequencing Instrument,library_pool_sequencing_instrument,PD-LELEPG50,,Library Pool,,categorical,Yes,categorical variable,TRUE,,,,,Sequencing Outcome,Library Pool Sequencing Instrument
library pool flowcell type,4b17b73a-ab3c-46c2-81ff-d32da499bccd,Library Pool Flowcell Type,library_pool_flowcell_type,PD-UXUXCN35,,Library Pool,,categorical,Yes,categorical variable,TRUE,,,,,Sequencing Outcome,Library Pool Flowcell Type
library pool fastq submission ID,a314a71c-d68a-4da0-9829-0d64c5087b89,Library Pool FASTQ Submission ID,library_pool_fastq_submission_id,PD-GXGXFB34,,Library Pool,,text,,categorical variable,TRUE,,,,,Sequencing Outcome,Library Pool FASTQ Submission ID
library pool projects,b13d9d14-d825-4b50-b20f-716c88ae03ee,Library Pool Projects,library_pool_projects,PD-MOMOLO49,,Library Pool,,categorical,Yes,categorical variable,FALSE,,,,,Ownership,Library Pool Projects
library pool labs,24b59a2a-d841-48b3-b251-4e6210417c4a,Library Pool Labs,library_pool_labs,PD-XOXOLO49,,Library Pool,,categorical,Yes,categorical variable,FALSE,,,,,Ownership,Library Pool Labs
NeMO pool bucket,eb042898-2e7a-49d8-8378-6fe87aceb80c,Nemo Pool Bucket,nemo_pool_bucket,PD-EYEYPI37,,Library Pool,,text,,categorical variable,TRUE,,,,,Sequencing Outcome,Nemo Pool Bucket
sequencing center ID,ea95bdad-a450-464f-ac5f-b707be243342,NIMP id for the Sequencing Center this Library Package will be sent to.,sequencing_center_id,PD-ZVNXTM45,,Library Package,,categorical,Yes,categorical variable,FALSE,,,,,Preparation,ID of the Target Sequencing Center